职位,公司,地区,学历,岗位,薪资,福利,工作经验,链接
['高级软件工程师'],['东莞市顾学软件科技有限公司'],['龍崗'],['\n大专                        '],"['岗位职责：', '1.      负责公司系统技术方案、开发、维护、运作', '2.      参与项目需求分析，撰写文档，进行系统框架和模块的设计，并提出相关技术可行性方案', '3.      具有良好的动手能力，完成产品功能和性能测试，协助处理项目实施过程中的软硬件问题', '4.      指导初级软件工程师完成工作任务', '岗位要求：', '1.      本科或以上学历，计算机软件或相关专业，对于能力特别优异者，可忽略此条件', '2.      3-5年开发工作经验，有实际带领项目的经验', '3.      前端： Javascript, Css, Angular/vue/React 框架，canvas,', '4.      后端：Java (Spring, hibernate框架)', '5.      数据库 : MYSQL 及 redis', '6.      伺服器： Linux命令，shell脚本，nginx', '7.      具备第三方SDK接口开发经验，如微信支付、微信分享、支付宝支付；', '8.      熟悉WebSocket', '9.      懂得直播技术优先', '10.    熟悉教育软件开发优先考虑', '11.   有很强的分析问题和解决问题的能力，具有Can-Do态度，有强烈的责任心', '12.   有团队精神，良好的抗压能力，心态积极，能主动融入团队', '13.   对业界最新的工具和技术有强烈的求知欲，工作热情主动，能够从工作中找到乐趣', '福利待遇:', '1.      劳工福利： 签订正式《劳动合同》、五险一金等；', '2.      奖金分红： 定期按工作表现和公司盈利分红；', '3.      节假年假：我们为员工提供除法律规定的公休假日及婚假、产假、病假等法定休假外，试用期后可享有根据工龄5-15天的带薪年假；', '4.      工作环境：工作环境温馨、舒适，员工之间关系和谐平等，对待新员工关心、友爱；', '5.      定期培训：定期举行公司研讨会形式培训； \n                ']",['1.5万-2万/月'],"['五险一金', '年终分红', '带薪年假']",['\n3-5年                            \n                        '],https://m.zhaopin.com/jobs/CC846879260J00281505907/
['大数据技术经理'],['北京宸瑞科技股份有限公司'],['北京市海淀区成府路270号中科科仪园区6号楼'],['\n大专                        '],"['岗位职责：', '1、负责大数据管理平台、数据分析挖掘系统的技术架构设计和开发工作；', '2、负责海量数据处理性能、分布式集群稳定性的调优工作；', '3、负责从数据采集到数据应用的整体流程设计及开发工作；', '4、负责解决核心技术问题；', '5、参与公司技术方向的决策与预言；', '职位要求：', '工作经验：5年以上项目开发经验，其中大数据项目开发经验3年以上；', '项目经验：参与过3个以上大型项目的架构设计和开发，具有大数据（TB级）处理性能及集群架构稳定性的调优经验，具有spark挖掘算法开发经验。', '学历：本科及以上学历，计算机相关专业', '技能要求：熟练掌握Java开发技术，熟练掌握Hadoop技术原理及技术生态圈（spark，solr、es、hive、kafka、storm、redis、sqoop等），具有大数据处理性能及集群架构稳定性的调优能力。', '\n                ']",['3万-3.5万/月'],"['年底双薪', '加班补助', '交通补助', '餐补', '带薪年假', '定期体检', '节日福利']",['\n10年以上                            \n                        '],https://m.zhaopin.com/jobs/CC273811919J90251623000/
['大数据开发工程师[福州]'],['天目数据(福建)科技有限公司'],['福建省福州市马尾区江滨东大道海峡金融大厦18F'],['\n本科                        '],"['岗位职责', '1、负责产品构建及应用开发。', '2、支持大数据项目相关开发任务。', '3、产品相关前沿技术跟踪与研发。', '4、产品相关的其他任务。', '5. 可以接受外派到异地，协助工作沟通。', '任职资格', '1、计算机、数学及相关专业本科以上。', '2、拥有实际的1年以上大数据项目开发经验。', '3、熟悉python语言。', '4、熟悉Hadoop、Spark生态圈上的各种应用的几种，MapReduce、Hbase、Hive、Spark-SQL、Spark ML、Graphx等。', '5、对机器学习原理有基本认识，有数据建模的经验，能根据项目需要进行算法模型的选择与开发，熟悉关系型数据库Oracle, 有hbase数据库使用经验更佳。', '6、良好的团队合作，较强的沟通能力，对解决挑战型问题充满激情。', '7、优秀毕业生可放宽相关要求。\n                ']",['8千-1.3万/月'],"['周末双休', '全勤奖', '定期体检', '补充医疗保险', '节日福利', '每年多次调薪', '14薪', '五险一金']",['\n1-3年                            \n                        '],https://m.zhaopin.com/jobs/CZ478351480J00301447405/
['大数据研发工程师'],['天目数据(福建)科技有限公司'],['福建省福州市马尾区江滨东大道海峡金融大厦18F'],['\n本科                        '],"['岗位职责：', '1、协调并指导团队成员完成部门大数据相关项目的设计研发等工作；', '2、负责部门的大数据项目的设计、开发和文档编写工作。', '3、负责部门大数据挖掘分析的算法分析、设计工作。', '4、负责项目上线时大数据框架的搭建，调优工作。', '5、负责大数据前沿技术、开源项目等学习研究，将前沿新技术、开源项目等应用落地到项目中。', '6、负责各类大数据工具的比对选型工作，完成大数据基础架构的搭建等工作；', '岗位要求：', '1、本科及以上学历，计算机或数学相关专业；', '2、五年以上大数据行业从业经验， 熟悉大数据相关技术体系，有大数据实际项目技术开发经验（hadoop,druid.io,storm,spark，elasticsearch等)；', '3、精通java/python编程语言，熟练掌握常用的数据结构和算法；', '4、熟悉常见的开源框架，对新技术敏感，具有良好的系统分析、架构设计能力；', '5、熟悉Linux/unix操作系统,能针对所使用的大数据框架对系统参数进行调优；', '6、熟悉linux/UNIX shell、熟悉(Perl/python /shell)任意一种脚本语言。', '\n                ']",['1万-2万/月'],"['周末双休', '全勤奖', '定期体检', '补充医疗保险', '节日福利', '每年多次调薪', '14薪', '五险一金']",['\n5-10年                            \n                        '],https://m.zhaopin.com/jobs/CZ478351480J00157272405/
['大数据实施工程师[福州]'],['天目数据(福建)科技有限公司'],['福建省福州市马尾区江滨东大道海峡金融大厦18F'],['\n本科                        '],['\n                '],['8千-1.3万/月'],"['周末双休', '全勤奖', '定期体检', '补充医疗保险', '节日福利', '每年多次调薪', '14薪', '五险一金']",['\n1-3年                            \n                        '],https://m.zhaopin.com/jobs/CZ478351480J00302200705/
['大数据平台产品经理'],['天目数据(福建)科技有限公司'],['福建省福州市马尾区江滨东大道海峡金融大厦18F'],['\n本科                        '],"['岗位职责：', '1、负责公司大数据平台的产品规划、设计及生命周期管理；', '2、负责与合作部门、用户收集产品需求，确定业务解决方案，制定产品原型，编写相关的需求文档，不断优化产品，提升产品服务效率和质量；', '3、负责产品的项目管理工作，把控项目进度、方向及实施质量等；', '4、负责大数据平台的品牌包装及推广运营。', '岗位要求：', '1、本科以上学历，计算机相关专业，2年以上产品经验；', '2、有较强的沟通能力、逻辑思维和需求分析能力，以及产品设计相关工具的应用能力和解决方案制定能力；', '3、熟悉互联网项目研发流程，熟悉敏捷开发，熟悉持续集成以及测试流程、发布流程等，有电商平台或大数据平台产品工作经验者最佳；', '4、了解基本的互联网实现技术和前后台实现逻辑；', '5、具备一定的平台运营思维能力，熟悉主流平台的运营策略；', '6、结果导向、快速执行、自我驱动；', '7、熟练掌握Office办公软件、Axure、思维导图、Visio等设计软件；\n                ']",['8千-1.5万/月'],"['周末双休', '全勤奖', '定期体检', '补充医疗保险', '节日福利', '每年多次调薪', '14薪', '五险一金']",['\n1-3年                            \n                        '],https://m.zhaopin.com/jobs/CZ478351480J00172669205/
['大数据分析师'],['天目数据(福建)科技有限公司'],['江滨东大道海峡金融大厦18楼'],['\n本科                        '],"['1. 负责推荐系统算法设计；', '2. 负责自然语言处理和机器学习相关的算法研究、内核开发工作；', '3. 运用机器学习、数据挖掘算法，解决海量数据分析、挖掘方面的业务需求。', '岗位要求：', '1. 计算机、数学、统计、通信等相关专业本科及以上学历;', '2. 熟悉概率与统计、机器学习经典算法；', '3. 熟悉Python或R语言；', '4. 有海量数据数据挖掘与机器学习相关工作经验者优先；', '5. 喜欢挑战，热爱跨界，享受团队协作。', '6．有Hadoop，Spark，Tensor flow的开发经验，熟悉Linux优先。7、有大数据分析经验者、金融、电力、网络安全领域工作经验者优先。 8、有良好的职业道德，具备团队合作精神和沟通能力，高度的责任心。\n                ']",['1.5万-3万/月'],"['周末双休', '全勤奖', '定期体检', '补充医疗保险', '节日福利', '每年多次调薪', '14薪', '五险一金']",['\n1-3年                            \n                        '],https://m.zhaopin.com/jobs/CZ478351480J00224712205/
['公有云大数据平台高级研发工程师'],['浪潮集团有限公司'],['浪潮大厦'],['\n本科                        '],[],['2.2万-4.4万/月'],"['五险一金', '节日福利', '定期体检', '带薪年假', '通讯补贴']",['\n3-5年                            \n                        '],https://m.zhaopin.com/jobs/CC120143601J00136783213/
['成都大数据高级工程师'],['北京高信达通信科技股份有限公司'],['天府大道北段16中国联通办公大楼'],['\n大专                        '],"['1、基于Hadoop及相关组件SPARK、HIVE、Storm、Hbase等进行开发和分析业务。', '2、业务数据收集整理，结合业务对多种数据源进行深度组合分析、挖掘。', '3、参与Haddop大数据平台产品的现场部署、调优和运维。', '4、了解前端开发：JavaScript-Jquery         ', '5、了解前端开发： MVC     ', '6、熟练设计规范： RESTful规范        ', '7、熟练设计规范： JSON交互协议   ', '8、熟练开发技术： Java编程语言     ', '9、熟练开发技术： SpringFramework        ', '10、熟练开发技术： 缓存技术-Redis/MemCache     ', '11、熟练开发技术： 消息队列-Kafka/RabbitMQ/ActiveMQ     ', '12、了解开发技术： NoSQLDB-Cassandra/MongoDB       ', '13、了解开发技术： 搜索引擎-ES/Solr       ', '14、熟练数据库： SQL语言        ', '15、熟练数据库： 常用数据库(MySQL/Oracle/GP)   ', '16、熟练数据库： 索引技术和SQL优化   ', '17、了解数据库： Sharding,Partition         ', '18、精通大数据：Hadoop(HDFS/Hbase/Hive)   ', '19、精通大数据： Spark(SparkSQL)    ', '20、精通大数据： Storm     ', '21、熟练软件部署： Linux-操作命令，Shell脚本     ', '22、熟练软件部署： 应用服务器(Tomcat/WebLogic/WebSphere)    ', '23、数据仓库         ', '24、精通Hbase      ', '25、精通Hive         ', '26、熟练Sqoop      ', '27、熟练Kafka       ', '28、熟练Flume      ', '29、精通Oracle     ', '30、有机器学习经验者优先考虑', '31、有安全经验者优先考虑', '32、完成领导交办的其它工作。\n                ']",['1.7万-2.2万/月'],"['五险一金', '加班补助', '交通补助', '带薪年假', '不加班']",['\n5-10年                            \n                        '],https://m.zhaopin.com/jobs/CC120078326J00140789313/
['大数据/AI技术人员（5G数据）'],['天云融创数据科技(北京)有限公司'],['北京朝阳区东四十条富华大厦AB座11层'],['\n本科                        '],"['五季数据科技（北京）有限公司是一家专注于石油行业的高科技公司，成立于2018年8月，公司专注于石油企业大数据和人工智能技术应用。帮助石油行业提高效率，用新方法解决实际问题。', '为适应公司业务快速增长需要，特诚邀有识之士加盟。', '主要工作职责：', '1）负责公司AI平台及技术、AI产品研发；', '2）负责石油AI产品设计与研发；', '3）参与或负责项目实施与建设；', '4）为售前提供技术支持、售前技术方案编制、客户技术交流、培训。', '任职要求：', '1）软件研发大学及以上学历，或数学专业大学及以上学历；应届生亦可；', '2）有3年以上工作经验者优先；有大数据或AI工作经验者优先。', '3）工作地点：北京， 薪资标准：面谈。\n                ']",['1.2万-2.4万/月'],"['五险一金', '绩效奖金']",['\n3-5年                            \n                        '],https://m.zhaopin.com/jobs/CC620333526J00109576212/
['大数据网络销售双休+无线+高提成【郑州】'],['河南聚源网络科技有限公司'],['金水区金水路与玉凤路交叉口浦发国际金融中心2301室'],"['经验', '\n                                ', '学历', '不限                        ']",[],['4千-6千/月'],"['绩效奖金', '全勤奖', '带薪年假', '周末双休', '每年多次调薪', '不加班']","['\n                                ', '不限                            \n                        ']",https://m.zhaopin.com/jobs/CC375031730J00123948910/
['大数据分析师助理'],['济南首佳科技企业孵化器有限公司'],['文化东路泰山科技大厦'],"['经验', '\n中专                        ']","['岗位职责：', '1.负责公司的数据分析工作', '2.负责挖掘数据分析需求，制定并实施分析方案，并根据数据分析结果为产品的改进提出合理化建议；', '3.结合分析结果及对业务需求的深入理解，设计业务指标体系及数据产品并驱动研发。', '职位要求：', '1，应往届本科及以上计算机、信息、数学、统计，金融等相关专业；在职程序员1-3年java经验也可；', '2，入职可获得《大数据资格证书》（总裁亲自颁发）', '3，立志在大数据领域深造者', '4，欢迎应届生投递岗位', '薪资待遇：', '1，转正起薪4000元/月；', '2，签订正式劳动合同，五险一金；', '3，每年享受国家规定的带薪年假，法定节假日等福利；', '4，节假日庆典活动及节日福利；', '5，按工作年限享受子女教育补助，购房补贴及股份等；\n                ']",['3.5千-5千/月'],"['14薪', '绩效奖金', '周末双休', '包吃', '包住', '高温补贴', '弹性工作', '带薪年假']","['\n                                ', '不限                            \n                        ']",https://m.zhaopin.com/jobs/CC471527880J00058320113/
['大数据分析可应届生4K+'],['长沙市鹰图电子科技有限公司'],['开福区芙蓉中路一段458号平安大厦7楼'],"['经验', '\n                                ', '学历', '不限                        ']","['工作内容：', '1、配合数据分析师做数据分析，懂些计算机类的工作;', '2、有工作经验通过面试直接上岗，无工作经验或者工作经验不丰富者通过面试可提供实习机会。', '任职要求：', '1、对数据技术有钻研热情，具备高度的责任心及团结协作精神，善于沟通交流;', '2、喜欢数据统计类工作;', '3、喜欢动脑，喜欢计算机类工作。', '公司福利：', '1、薪酬福利：为员工提供富有竞争力的薪酬体系并每年对员工进行年度薪酬调整。', '2、社会保险：五险一金', '3、晋升机制：公司设立良好的晋升机制并提供内部招聘、职位轮换机会。', '4、成长与职业发展：人力资源部为所有岗位建立了成长模式和职业发展通道，并以顾问形式为员工提供成长建议。', '5、节日贺礼：公司在传统佳节派发节日礼品以增添节日气氛。', '6、生日派对：员工过生日公司生日派对及贺卡以表祝福。', '7、公司给予员工生活关怀，公司设有茶水间，休息阳台和员工休息室，提供微波炉，冰箱等。', '面试地址：长沙开福区芙蓉中路一段458号平安大厦7楼人事部', '工作时间：早上9:00到晚上17:00，周末双休', '\n                ']",['4千-6千/月'],"['周末双休', '五险一金', '全勤奖', '餐补', '节日福利', '高温补贴', '定期体检', '年底双薪']","['\n                                ', '不限                            \n                        ']",https://m.zhaopin.com/jobs/CC826021210J00140832702/
['大数据工程师、数据分析工程师'],['武汉汉思信息技术有限责任公司'],['江夏区金融港B28'],['\n本科                        '],"['工作职责：', '负责基于Spark的并行计算平台的开发与优化工作', '职位要求：', '1.熟练掌握Java语言', '2.有深厚的操作系统，数据结构和算法基础', '3.熟悉并行计算或者分布式计算者优先考虑', '4.熟悉Hadoop/Spark或者其他分布式系统', '5.熟悉Kafka或者其他分布式消息队列', '6.熟悉Java或者Scala语言', '7.熟悉常用的分析以及故障诊断工具', '8.熟悉SQL语言，了解存储过程和函数优先', '9.了解Spark原理者优先', '10.较强的团队合作能力\n                ']",['1万-1.5万/月'],"['五险一金', '年底双薪', '补充医疗保险', '带薪年假', '餐补', '节日福利']",['\n5-10年                            \n                        '],https://m.zhaopin.com/jobs/CC538932120J00298160305/
['腾讯云大数据开发热招'],['济南首佳科技企业孵化器有限公司'],['文化东路泰山科技大厦'],"['经验', '\n中专                        ']","['岗位职责：', '1.参与公司数据平台架构设计和开发', '2.参与日常Python入门开发任务/Java入门开发', '3.前期以助理的方式参与并成长，直到能上手做Python开发项目', '4.辅助管理Hadoop集群；', '任职要求：', '1.中专及以上学历，计算机科学与技术、软件工程、应用数学、统计学等大数据相关专业；', '2.喜欢代码开发岗位，并有志在互联网行业发展', '3，欢迎17、18应届生投递', '工作时间：朝九晚五，周末及节假日双休\n                ']",['3.5千-6千/月'],"['14薪', '绩效奖金', '周末双休', '包吃', '包住', '高温补贴', '弹性工作', '带薪年假']","['\n                                ', '不限                            \n                        ']",https://m.zhaopin.com/jobs/CC471527880J00058317813/
['区域销售（大数据教育方向）'],['安徽七天教育科技有限公司'],['海淀区'],"['经验', '\n大专                        ']","['岗位职责：', '1、负责公司教育产品在所辖区域内中小学市场的业务开发、拓展；', '2、负责所辖区域内客户关系管理及渠道建设；', '3、负责所辖区域内学校客户日常维护、考试维护；', '4、定期对所辖区域学校开展市场调研，进行客户沟通，升级业务解决方案；', '5、负责协助所辖区域内家长用户的推广维护、咨询解答。', '任职标准：', '1、大专及以上学历，20-38岁，条件优秀者可放宽；', '2、有保险、教育、互联网相关产品销售经验优先，优秀应届毕业生亦可；', '3、对计算机操作较为熟练（需携带笔记本开展日常工作）；', '4、沟通能力、应变能力、执行力、团队协作能力、责任心', '5、能适应出差/驻外、有当地教育系统资源的优先考虑；', '其他福利：社会保险、寒暑假活动、团队活动、法定节假日、节日福利、团队旅游、期权激励、福利补贴（交通、通讯、外地租房等）、各类奖金（不定期开展考试奖、PK奖、高频学校奖、开发奖）、探亲假（非本地区域员工）', '职业发展：业务经理---片区经理---省区经理/项目经理---总监助理---区域总监\n                ']",['8千-1万/月'],"['交通补助', '通讯补贴', '节日福利', '股票期权']","['\n                                ', '不限                            \n                        ']",https://m.zhaopin.com/jobs/CC586387423J00252721207/
['大数据业务部门_Java工程师'],['北京思特奇信息技术股份有限公司'],['湖南省长沙市芙蓉区韶山北路139号湖南文化大厦12A06室'],['\n本科                        '],"['岗位职责：', '1、 参与电信运营商收入保障类系统项目的项目实施 ； ', '2、 参与工程项目需求的开发实现，与客户的需求对接； ', '3、 参与项目实族过程中的技术文档编写，技术方案设计；', '任职资格：', '1、 两年以上实际JAVA项目开发实施工作经验，有电信行业支撑系统经验优先，OLAP类系统经验优先； ', '2、 熟练掌握JAVA、JSP、JS技术；熟悉springmvc、 Spring、   mybatis、bootstrap等框架,熟练操作ORACLE、MYSQL数据库； ', '3、   了解主流分布式存储、分布式计算、分布式服务等相关技术框架者优先 ', '4、 思路清晰，善于思考，能独立分析和解决问题； ', '5、 责任心强，具备良好的团队合作精神；积极向上、良好的学习能力优先；', '\n                ']",['6千-9千/月'],"['五险一金', '绩效奖金', '交通补助', '餐补', '通讯补贴', '带薪年假', '弹性工作', '补充医疗保险']",['\n1-3年                            \n                        '],https://m.zhaopin.com/jobs/CC120747254J90258421000/
['大数据产品专员-业务方向'],['天翼征信有限公司'],['上海市虹口区塘沽路463号虹口科技金融大厦2楼'],['\n本科                        '],[],['6千-1.2万/月'],[],['\n3-5年                            \n                        '],https://m.zhaopin.com/jobs/CC440177930J00218494102/
['4K急java大数据助理'],['沈阳天诚极米科技有限公司'],['沈河区'],"['经验', '\n大专                        ']","['岗位职责：', '1、该岗位为偏初级技术类型岗位；', '2、协助工程师完成公司2018承接的开发项目；', '3、发现并解决开发过程中遇到的一系列问题；', '4、无经验有人带领在工作中实习。', '岗位要求：', '1、18-30岁，中专及以上学历。', '2.责任心强，有良好的团队精神和亲和力', '3.懂办公软件操作，有意向长期往技术方向发展', '4.能吃苦、学习能力强，做事积极、细心', '福利待遇：', '1.周末双休；', '2.五险一金，优于行业水平的薪资+绩效奖金；', '3.一年一到两次的加薪机会；', '4.高于法定规定的超长带薪休假；', '5.广阔的晋升空间，公司将向每个员工提供均等的晋升机会。\n                ']",['3千-4.5千/月'],"['五险一金', '全勤奖', '年底双薪', '包吃', '包住', '绩效奖金', '年终分红', '交通补助']","['\n                                ', '不限                            \n                        ']",https://m.zhaopin.com/jobs/CZ840762650J00099462709/
['区域销售（大数据教育方向）'],['安徽七天教育科技有限公司'],['地区'],"['经验', '\n大专                        ']","['岗位职责：', '1、负责公司教育产品在所辖区域内中小学市场的业务开发、拓展；', '2、负责所辖区域内客户关系管理及渠道建设；', '3、负责所辖区域内学校客户日常维护、考试维护；', '4、定期对所辖区域学校开展市场调研，进行客户沟通，升级业务解决方案；', '5、负责协助所辖区域内家长用户的推广维护、咨询解答。', '任职标准：', '1、大专及以上学历，20-38岁，条件优秀者可放宽；', '2、有保险、教育、互联网相关产品销售经验优先，优秀应届毕业生亦可；', '3、对计算机操作较为熟练（需携带笔记本开展日常工作）；', '4、沟通能力、应变能力、执行力、团队协作能力、责任心', '5、能适应出差/驻外、有当地教育系统资源的优先考虑；', '其他福利：社会保险、寒暑假活动、团队活动、法定节假日、节日福利、团队旅游、期权激励、福利补贴（交通、通讯、外地租房等）、各类奖金（不定期开展考试奖、PK奖、高频学校奖、开发奖）、探亲假（非本地区域员工）', '职业发展：业务经理---片区经理---省区经理/项目经理---总监助理---区域总监\n                ']",['8千-1万/月'],"['交通补助', '通讯补贴', '节日福利', '股票期权']","['\n                                ', '不限                            \n                        ']",https://m.zhaopin.com/jobs/CC586387423J00253198907/
['大数据开发实习生'],['广州粤嵌通信科技股份有限公司湖南分公司'],['湖南省长沙市开福区芙蓉中路八一桥西北侧金帆大厦909室'],"['经验', '\n大专                        ']","['任职要求：', '1、大专及本科以上学历，对python编程感兴趣', '2、有一定的计算机基础', '3、熟悉c语言，数据库更佳', '4、了解过hadoop、spark、机器学习算法更佳', '岗位职责：', '1、负责公司大数据平台的搭建', '2、负责基于Impala、Spark等主流分布式计算框架进行相关大数据分析功能开发', '2、负责Hadoop平台相关功能组件（如：Flume、Sqoop）的配置及开发工作', '3、协助大数据分析工程师对数据进行分析', '福利待遇：', '1、实习期间带薪，提供食宿。', '2、转正待遇：基本薪资+奖励（根据岗位不同，月薪在4500—8000元），根据岗位工作业绩，逐步提升。三年内月薪可达1W-3W.', '3、朝九晚六，周末双休，购买五险一金，节假日福利，成熟的员工晋升渠道和丰富的员工活动。', '有简历者可直接投递简历，筛选过后，HR会尽快与您联系。', '\n                ']",['5千-8千/月'],"['周末双休', '五险一金', '年底双薪', '包住', '餐补', '节日福利', '带薪年假', '员工旅游']","['\n                                ', '不限                            \n                        ']",https://m.zhaopin.com/jobs/CC268668236J00070466208/
['大数据开发工程师（离线）'],['广州亚美信息科技有限公司'],['高唐路227号时代E-PARK3栋'],['\n本科                        '],[],['1.5万-2万/月'],"['周末双休', '五险一金', '年底双薪', '绩效奖金', '带薪年假', '弹性工作', '定期体检', '员工旅游']",['\n5-10年                            \n                        '],https://m.zhaopin.com/jobs/CC508592025J00277663803/
['大数据分析师助理'],['太原中软卓越信息技术有限责任公司'],['太原市迎泽区建设南路与亲贤北街交叉口盛饰大厦六层'],"['经验', '\n大专                        ']","['一、岗位要求：', '1、用常用的统计软件及编程语言分析每日交易数据，协助做二级技术分析数据；', '2、协助经理用之前数据做回测、开发交易策略；', '3、协助分析企业金融经济，指导提供企业竞争情报分析方案、报告；', '4、根据实际业务要求，完成较深入的专项数据分析并形成分析报告。', '二、任职资格：', '1. 大专及以上学历；', '2. 沟通能力佳，有团队意识；', '3.热爱计算机软件开发行业；', '4.善于学习和总结分析，有良好的工作态度和团队合作精神；', '5. 退伍军人优先，有无经验均可。', '三、工作时间：', '朝九晚六 双休 法定假日休息，带薪年假，六险一金（含商业保险）', '\n                ']",['6千-8千/月'],"['五险一金', '年底双薪', '绩效奖金', '带薪年假', '补充医疗保险', '节日福利']","['\n                                ', '不限                            \n                        ']",https://m.zhaopin.com/jobs/CC431389236J90250810000/
['大数据初级工程师'],['济南首佳科技企业孵化器有限公司'],['文化东路泰山科技大厦'],"['经验', '\n中专                        ']",['岗位职责：1.协助项目Leader 公司的数据分析工作，2.参与挖掘数据分析需求，制定并实施分析方案，并根据数据分析结果为产品的改进提出合理化建议；3.结合分析结果及对业务需求的深入理解，设计业务指标体系及数据产品并驱动研发。职位要求：1，大学本科及以上应、计算机，数学，统计，金融等相关专业；在职程序员可专科；1-3年java经验也可；2，入职可获得《大数据资格证书》（总裁亲自颁发）3，立志在大数据领域深造者4，欢迎应届生投递岗位薪资待遇：1，上岗起薪8000元/月；2，签订正式劳动合同，五险一金；3，每年享受国家规定的带薪年假，法定节假日等福利；4，节假日庆典活动及节日福利；5，按工作年限享受子女教育补助，购房补贴及股份等；\n                '],['3千-6千/月'],"['14薪', '绩效奖金', '周末双休', '包吃', '包住', '高温补贴', '弹性工作', '带薪年假']","['\n                                ', '不限                            \n                        ']",https://m.zhaopin.com/jobs/CC471527880J00058316513/
['大数据网络销售'],['河南聚源网络科技有限公司'],['金水区金水路与玉凤路交叉口浦发国际金融中心2301室'],['\n大专                        '],[],['6千-8千/月'],"['绩效奖金', '全勤奖', '带薪年假', '周末双休', '每年多次调薪', '不加班']",['\n1-3年                            \n                        '],https://m.zhaopin.com/jobs/CC375031730J00123960010/
['大数据工程师'],['搜易贷(北京)金融信息服务有限公司'],['北京市海淀区丹棱街1号互联网金融中心八层'],['\n本科                        '],"['岗位职责：', '1、负责公司大数据基础服务系统研发设计工作；', '2、参与应用选型研究、系统架构设计、软件开发工作；', '3、负责数据基础结构的规划和设计；', '4、用户行为、日志等数据的处理、分析、挖掘和存储。', '任职要求：', '1、统招本科及以上学历，计算机相关专业，3年以上开发经验，良好的理工科背景、扎实的数理功底优先；', '2、精通Java开发，熟悉IO机制、网络通讯、多线程等基础知识框架，熟悉缓存、消息队列、索引查询等机制；', '3、熟练掌握Hadoop的MapReduce应用的开发以及部署，熟悉分布式计算系统理念，熟悉Hive、Pig等大数据开发工具，熟悉mahout 、mlab；', '4、熟练掌握 linux、python ，熟悉spark框架、storm流式计算', '5、对数据库有一定了解，熟悉ETL流程；', '6、熟悉推荐系统，掌握各种数据挖掘算法者优先；', '7、有爬虫、网页正文提取、分词和特征提取等相关经验优先；', '8、熟悉junit、sonar等代码质量保障工具；', '9、具有良好的团队协作精神，对互联网主流的研发流程、质量控制方式、项目管理方式有充分的了解有责任感、可承受多任务并行的工作压力，重视沟通，具备自主的学习能力和追求卓越的态度。', '\n                ']",['1.5万-3万/月'],"['五险一金', '绩效奖金', '包吃', '通讯补贴', '带薪年假', '补充医疗保险', '定期体检', '员工旅游']",['\n3-5年                            \n                        '],https://m.zhaopin.com/jobs/CC651530223J90250703000/
['产品经理（数据产品/BI/大数据）'],['上海二三四五网络科技有限公司'],['上海市浦东新区环科路555弄2号楼'],['\n本科                        '],"['岗位职责', '1、负责互金相关数据及配套后台产品，为各项目做报表提效和数据基础平台支持；', '2、负责产品具体需求策划，包括需求策划、上线跟进、效果分析，持续迭代改进；', '3、负责定期市场和用户调研，优化数据体系和框架，规划产品方向；', '4、对接各业务部门产品、运营、数据分析师提出的报表新增优化、数据表同步等日常需求；', '任职要求', '1、全日制本科及以上学历，3年以上数据产品工作经验，独立负责过至少1款数据产品的多个版本迭代；', '2、擅长产品框架和数据体系设计、BI报表设计、逻辑、数据、跨项目/部门沟通，具备运营意识；', '3、有很强的沟通能力和项目推动能力；', '4、有互金行业相关工作经验者优先；有带人、带团队经验者优先。\n                ']",['1.5万-2万/月'],"['五险一金', '带薪年假', '补充医疗保险', '免费班车', '员工旅游', '周末双休']",['\n3-5年                            \n                        '],https://m.zhaopin.com/jobs/CC555839323J00253896405/
['大数据讲师'],['慧科教育科技集团有限公司'],['福建福州'],['\n本科                        '],"['岗位职责：', '1、负责大数据教育方向的教学研发工作，包括教学体系开发、课程内容设计等；', '2、负责教学方案设计和教学资料的制作，包括课程大纲、教学课件等；', '3、负责远程教学的过程性设计和在线教学内容研发；', '4、将产业经验转化为教学资源，设计实验室方案或实训类项目的教学内容。', '任职资格：', '1、本科及以上学历，计算机相关专业，有2年以上大数据行业教育培训授课或教学研发经验；', '2、对Hadoop的MapReduce原理有深入研究，掌握Hadoop、Hive和Hbase等；', '3、熟悉Spark、Storm、Zookeeper、YARN等大数据相关技术；', '4、有大数据实际项目开发者优先；', '5、教育研发能力强，授课能力突出（需有经验和项目业绩说明）；', '6、热爱职业教育事业，有前瞻性和市场洞察能力，敢于拼搏，有创业精神；', '7、良好沟通技巧、学习能力，具有良好的职业操守；', '8、注重用户运营，在知名教育机构有管理经验者优先。\n                ']",['8千-1.5万/月'],"['五险一金', '绩效奖金', '股票期权', '弹性工作', '带薪年假']",['\n5-10年                            \n                        '],https://m.zhaopin.com/jobs/CC371191111J00134673310/
['区域销售（大数据教育方向）（延庆区）'],['安徽七天教育科技有限公司'],['地区'],"['经验', '\n大专                        ']","['岗位职责：', '1、负责公司教育产品在所辖区域内中小学市场的业务开发、拓展；', '2、负责所辖区域内客户关系管理及渠道建设；', '3、负责所辖区域内学校客户日常维护、考试维护；', '4、定期对所辖区域学校开展市场调研，进行客户沟通，升级业务解决方案；', '5、负责协助所辖区域内家长用户的推广维护、咨询解答。', '任职标准：', '1、大专及以上学历，20-38岁，条件优秀者可放宽；', '2、有保险、教育、互联网相关产品销售经验优先，优秀应届毕业生亦可；', '3、对计算机操作较为熟练（需携带笔记本开展日常工作）；', '4、沟通能力、应变能力、执行力、团队协作能力、责任心', '5、能适应出差/驻外、有当地教育系统资源的优先考虑；', '其他福利：社会保险、寒暑假活动、团队活动、法定节假日、节日福利、团队旅游、期权激励、福利补贴（交通、通讯、外地租房等）、各类奖金（不定期开展考试奖、PK奖、高频学校奖、开发奖）、探亲假（非本地区域员工）', '职业发展：业务经理---片区经理---省区经理/项目经理---总监助理---区域总监\n                ']",['8千-1万/月'],"['交通补助', '通讯补贴', '节日福利', '股票期权']","['\n                                ', '不限                            \n                        ']",https://m.zhaopin.com/jobs/CC586387423J00294006307/
['产品大数据专员/助理带薪实习'],['贵州百腾纬创信息科技有限公司'],['贵州省贵阳市南明区花果园金融大厦'],"['经验', '\n                                ', '学历', '不限                        ']","['岗位要求：', '1、有一定的办公软件基础，18-28岁，高中/中专及以上学历，专业不限，工作经验不限；', '2、电商大数据助理岗位,可接收无经验转行人员，工作轻松，但要有一颗上进的心，热爱电商大数据相关工作；', '3、\xa0做一些基础电商大数据和文员相关工作；', '福利待遇：', '1、转正后薪资4000-6000+项目提成+奖金；', '2、富有竞争力的薪酬水平和其他福利津贴；', '3、给予完善的绩效考核，年终奖金及定期调薪，晋升机制；', '4、做五休二，周末双休，带薪休假（年假，婚假，丧假，病假等）年底带薪休假20天；', '5、丰富的业余集体活动（拓展，旅游，聚餐，年会等）；', '\n                ']",['4千-6千/月'],"['五险一金', '年底双薪', '绩效奖金', '全勤奖', '员工旅游', '节日福利', '周末双休', '餐补']","['\n                                ', '不限                            \n                        ']",https://m.zhaopin.com/jobs/CC509563137J90250036000/
['大数据销售经理（成都）'],['黑龙江鑫联华信息股份有限公司'],['成都市区'],['\n大专                        '],[],['1万-1.5万/月'],"['节日福利', '员工旅游', '五险一金', '绩效奖金', '年终分红', '交通补助', '周末双休']",['\n3-5年                            \n                        '],https://m.zhaopin.com/jobs/CC184309211J00197633902/
['大数据算法分析师'],['深圳市前海卡缌蔓时尚科技有限公司'],['福田区上梅林卓悦汇2期B栋2207C'],['\n本科                        '],[],['2.5万-3万/月'],"['五险一金', '全勤奖', '带薪年假']",['\n5-10年                            \n                        '],https://m.zhaopin.com/jobs/CZ678354180J00291745403/
['新能源汽车大数据开发工程师'],['上海科勤信息技术有限公司'],['上海市嘉定区安亭镇墨玉南路国际汽车城大厦'],['\n大专                        '],"['（1）大数据项目业务需求调研，收集、引导、挖掘具体业务需求，并提出解决方案；', '（2）整理大数据项目业务需求文档，参与数据资产管理，确定具体业务数据指标；', '（3）跟踪、评估数据处理过程与结果。', '任职要求：', '（1）本科以上学历，2年以上工作经验；', '（2）2年以上大数据、智能商务应用数据分析经验；', '（3）优秀的业务需求理解能力，较强的数据分析运用能力；', '（4）熟练掌握基础统计和数据挖掘模型应用，熟悉SQL、Python等语言；', '（5）敏锐的数据洞察力，逻辑分析能力和文档撰写能力；', '（6）有汽车行业的候选人优先\n                ']",['7千-1.1万/月'],"['周末双休', '五险一金', '补充医疗保险', '带薪年假', '节日福利', '年底双薪', '弹性工作']",['\n1-3年                            \n                        '],https://m.zhaopin.com/jobs/CC633496726J00355915001/
['大数据开发4.5K+双休'],['武汉盛世新瑞科技有限公司'],['武汉市南湖大道光谷软件园E1栋1101'],"['经验', '\n大专                        ']",[],['4.5千-5千/月'],"['餐补', '房补', '五险一金', '周末双休', '不加班', '高温补贴', '员工旅游', '定期体检']","['\n                                ', '不限                            \n                        ']",https://m.zhaopin.com/jobs/CC375899281J00238239301/
['大数据营销'],['北京龙本教育科技集团有限公司'],['海淀区三里河路9号住建部院内威克达写字楼301室'],['\n大专                        '],"['岗位职责：', '1.搭建精准营销建模，营销活动效果评估与优化平台，具有数据分析能力；', '2.社会化建设及内部数据分析；', '3.对潜在客户进行数据画像、整理、信息推送、精准出发，最终实现销售最中化；', '4.参与编制计划管理的相关模块、工作指引，并持续改进。', '任职要求：', '1.大专以上学历，大数据、计算机、技术相关专业；', '2.二年以上工作经验，对大数据工具及应用熟悉，有建立规模及数据营销实践经验；', '3.对大数据营销有一定的认识及创新意识；', '4.有较强工作责任心、分析能力、逻辑推理能力、沟通协调和自主工作能力；', '5.有学习经历及成人教育行业经验。\n                ']",['8千-1.5万/月'],"['绩效奖金', '节日福利', '员工旅游', '带薪年假', '五险一金']",['\n3-5年                            \n                        '],https://m.zhaopin.com/jobs/CC147848534J00122950615/
['大数据开发工程师'],['北京神州新桥科技有限公司'],['前海深港创新中心'],['\n本科                        '],[],['1.5万-2.5万/月'],"['周末双休', '五险一金', '年底双薪', '绩效奖金', '餐补', '通讯补贴', '补充医疗保险', '定期体检']",['\n3-5年                            \n                        '],https://m.zhaopin.com/jobs/CC120101090J00124384915/
['大数据销售经理（山西）'],['黑龙江鑫联华信息股份有限公司'],['太原市区'],['\n大专                        '],[],['8千-1万/月'],"['节日福利', '员工旅游', '五险一金', '绩效奖金', '年终分红', '交通补助', '周末双休']",['\n3-5年                            \n                        '],https://m.zhaopin.com/jobs/CC184309211J00197637902/
['大数据销售经理（广州）'],['黑龙江鑫联华信息股份有限公司'],['广州市区'],['\n大专                        '],[],['1.5万-2万/月'],"['节日福利', '员工旅游', '五险一金', '绩效奖金', '年终分红', '交通补助', '周末双休']",['\n3-5年                            \n                        '],https://m.zhaopin.com/jobs/CC184309211J00197612202/
['大数据人工智能助理3500'],['沈阳天诚极米科技有限公司'],['沈河区小西'],"['经验', '\n大专                        ']","['岗位职责：', '1. 参与软件产品（项目）的需求分析、软件设计、框架建设等工作；', '2. 根据开发规范与项目流程进行软件开发、编码测试、优化运维等工作；', '3. 撰写项目及软件开发相关的文档和资料；', '岗位要求：', '1、18-30岁，中专及以上学历。', '2.责任心强，有良好的团队精神和亲和力', '3.懂办公软件操作，有意向长期往技术方向发展', '4.能吃苦、学习能力强，做事积极、细心', '福利待遇：', '1.周末双休；', '2.五险一金，优于行业水平的薪资+绩效奖金；', '3.一年一到两次的加薪机会；', '4.高于法定规定的超长带薪休假；', '5.广阔的晋升空间，公司将向每个员工提供均等的晋升机会。\n                ']",['3.5千-4.5千/月'],"['五险一金', '全勤奖', '年底双薪', '包吃', '包住', '绩效奖金', '年终分红', '交通补助']","['\n                                ', '不限                            \n                        ']",https://m.zhaopin.com/jobs/CZ840762650J00099453609/
['包住宿大数据开发工程师（实习生）'],['临沂影漫文化传媒有限公司'],['临沂市兰山区临西八路与双领路交汇东临大悦城三楼307室'],"['经验', '\n大专                        ']",[],['6千-8千/月'],"['五险一金', '绩效奖金', '带薪年假', '加班补助', '年终分红', '包住', '节日福利']","['\n                                ', '不限                            \n                        ']",https://m.zhaopin.com/jobs/CZ835910310J00121552915/
['大数据销售经理（济南）'],['黑龙江鑫联华信息股份有限公司'],['济南市区'],['\n大专                        '],[],['8千-1万/月'],"['节日福利', '员工旅游', '五险一金', '绩效奖金', '年终分红', '交通补助', '补充医疗保险', '周末双休']",['\n3-5年                            \n                        '],https://m.zhaopin.com/jobs/CC184309211J00195510102/
['大数据销售经理（郑州）'],['黑龙江鑫联华信息股份有限公司'],['郑州市区'],['\n大专                        '],[],['8千-1万/月'],"['节日福利', '员工旅游', '五险一金', '绩效奖金', '年终分红', '交通补助', '补充医疗保险', '周末双休']",['\n3-5年                            \n                        '],https://m.zhaopin.com/jobs/CC184309211J00195513602/
['大数据工程师'],['黑龙江鑫联华信息股份有限公司'],['哈尔滨南岗区浦江路37号'],['\n本科                        '],"['岗位经验：', '1、3年以上JAVA项目开发相关工作经验；', '2、2年以上大数据项目开发经验；', '3、有hadoop/spark项目开发经验；', '行为要求： ', '1.      熟悉主流数据库oracle/mysql至少一种；', '2.      熟悉hadoop环境，能够独立搭建及调测；', '3.      对其他大数据相关组件有相应了解；', '4.      有良好的学习能力，喜欢专研技术；', '5.     Python简单开发；', '福利待遇：双休、五险一金，年底十三薪，员工旅游，超长年休假等福利。', '\n                ']",['8千-1万/月'],"['节日福利', '员工旅游', '五险一金', '绩效奖金', '年终分红', '交通补助', '周末双休']",['\n1-3年                            \n                        '],https://m.zhaopin.com/jobs/CC184309211J00195556402/
['销售项目经理（大数据事业部）'],['安徽宝龙环保科技有限公司'],['合肥市蜀山新产业园仰桥路18号  联系方式 0551-62620005-8105'],['\n本科                        '],"['【岗位职责】', '1、负责项目合同的签订、组织项目的验收、项目回款等；', '2、协同公司项目团队成员完成项目投标前的标书制作工作；', '3、开拓新市场，发展新客户，能代表公司与目标客户进行良好的商务谈判；', '4、承担个人销售指标，重点拓展相关行业客户资源，管理和经营客户关系，跟踪重点客户销售机会；', '5、执行公司销售政策，积极承担公司制定的销售任务。', '【任职要求】', '1、本科及以上学历，计算机应用、软件工程、市场营销相关专业优先；', '2、具有清晰的销售思路和销售方法；', '3、具有分析能力、判断能力和沟通能力；', '4、具有良好的团队合作精神和抗压能力。', '\n                ']",['1万-1.5万/月'],"['五险一金', '年底双薪', '包吃', '包住', '带薪年假', '定期体检']",['\n5-10年                            \n                        '],https://m.zhaopin.com/jobs/CC198869929J00313566901/
['大数据分析师'],['铜仁市万山区家宝环境有限公司'],['滨海大道81号南洋大厦802'],['\n本科                        '],[],['6千-1.2万/月'],"['五险一金', '年终分红', '股票期权', '带薪年假', '弹性工作', '员工旅游', '节日福利', '周末双休']",['\n1-3年                            \n                        '],https://m.zhaopin.com/jobs/CZ844483310J00230892304/
['销售经理（大数据项目）'],['天津锐网科技股份有限公司'],['天津市南开区华苑产业园区鑫茂天财酒店9楼'],['\n大专                        '],[],['1.5万-2万/月'],"['五险一金', '绩效奖金', '年终分红', '带薪年假', '员工旅游', '节日福利']",['\n3-5年                            \n                        '],https://m.zhaopin.com/jobs/CC274047882J00123329214/
['大数据能助理五险年底双薪'],['沈阳探梦科技有限公司'],['和平区'],"['经验', '\n                                ', '学历', '不限                        ']","['岗位职责：', '1.前期协助老员工尽快完成公司项目，例如做简单的小程序', '2.学习能力较强，接受新知识的能力要快', '3.后期希望上手能力较快，能尽快接手公司安排的新项目', '\n                ']",['3千-5千/月'],"['五险一金', '全勤奖', '通讯补贴', '包吃', '包住', '绩效奖金', '年底双薪', '交通补助']","['\n                                ', '不限                            \n                        ']",https://m.zhaopin.com/jobs/CC839348280J00118812114/
['大数据研发工程师'],['深圳市安云信息科技有限公司'],['深圳市南山区西丽街道朗山路7号中航工业南航大厦10A'],['\n本科                        '],"['1. 计算机、统计学、应用数学、数理统计相关专业大学本科以上学历', '2. 5年以上Java相关开发经验， 熟悉Scala、Python、R语言者有加分', '3. 熟练使用传统Java框架、工具、中间件：Spring、SpringMVC、SpringBoot、SpringCloud、Mybatis、Maven、Redis、Kafka、Socket、WebSocket、DB 等', '4. 熟悉大数据相关平台和产品：HDFS、HBase、MapReduce、Hive、Spark、Storm、Yarn、Cassandra、MongoDB、Scikit-Learn、H2O等', '5. 熟悉统计分析或机器学习算法者有加分', '6. 有一定的系统设计能力：如流程设计、数据建模', '7. 熟练使用 Linux OS8. 有英文技术文档独立阅读能力\n                ']",['1万-1.5万/月'],"['五险一金', '绩效奖金', '带薪年假', '定期体检', '通讯补贴', '餐补', '加班补助']",['\n3-5年                            \n                        '],https://m.zhaopin.com/jobs/CC131567772J00233376402/
['大数据销售经理（合肥）'],['黑龙江鑫联华信息股份有限公司'],['合肥市区'],['\n大专                        '],[],['8千-1万/月'],"['节日福利', '员工旅游', '五险一金', '绩效奖金', '年终分红', '交通补助', '周末双休']",['\n3-5年                            \n                        '],https://m.zhaopin.com/jobs/CC184309211J00197609902/
['大数据高级开发工程师（数据库专家）'],['思杰系统信息技术(北京)有限公司上海分公司'],['江苏省南京市江宁区九龙湖国际企业总部园C3号楼'],['\n本科                        '],"['Citrix AnalyticsPlatform team is hiring a Senior Software Engineer. Theideal candidate is energized by the thought of developing a big data platformand tools for big data ingestion, processing, and analytics.', 'The candidate isa seasoned software engineer who designs, develops, troubleshoots and debugscomplex software applications, demonstrating for others how to resolve issuesin innovative and practical ways. This individualwill work on a team of talented engineers responsible for designing,developing, optimizing and extending the Citrix Analytics big data platform.', 'Responsibilities  Design, develop, and maintain the     Citrix Analytics platform Extend the Citrix Analytics     platform by researching and applying new big data technologies and stacks     to solve business problems Maintain the Citrix analytics platform     by diagnosing, predicting and correcting scaling problems Work with large streams of data with tools like Spark,     Hadoop, Kafka, Flume, and Cassandra Contribute to our team’s growing     set of development platforms, tools, and processes Build automation and tools that     will increase the productivity of teams located in different GEOs.  Provide input and feedback to     teams regarding decisions surrounding topics such as infrastructure, data     architectures, and DevOps/SRE strategy', '·      Supportand provide guidance to the company’s software engineering processes andstandards', '·      Pursueand encourage others to acquire information and training regarding trends andadvancements within area of specialization, incorporating these improvementswhere applicable', 'RequiredSkills ', '·      BS or MS degreein computer science, electrical engineering, or related field is preferred,with a minimum of 3 years of directly related work experience. Strong     CS fundamentals, data structures, algorithms with good understanding of     big data', '·      Familiar withSQL and MS SQLServer, fluencyin database specific programming language (T-SQL) Hands-on     experience in relational databases and NO-SQL databases Ability     to design data models, monitor and debug issue and tuning performance Understand     database design principal is a plus', '·      Experience ofworking on development and delivery product based on Cloud Services (Azure,AWS) is a strong plus', '·      MachineLearning experience is a strong plus', '·      Hands-onexperience in designing and implementing dataingestion and transformation for big dataplatforms (Hadoop, Spark, kafka, storm etc.), proventrack record designing highly parallelized data ingestion and transformationjobs in Spark including Spark Streaming is a strong plus', '·      Capability ofusing multiple programming languages (python, Java, JavaScript, Node, Scala,etc.) is a plus', '·      Security knowledgeand experience is a plus Experience     with using automation tools (Ansible, Puppet, Chef) and DevOps tools     (Jenkins, Travis-CI, Gitlab CI) is a plus', '·      Strongcommunication (verbal and written, Chinese and English) and interpersonal skill Drive     to stay abreast new technologies\n                ']",['2万-3万/月'],"['弹性工作', '周末双休', '五险一金', '定期体检', '补充医疗保险', '节日福利', '免费班车']",['\n5-10年                            \n                        '],https://m.zhaopin.com/jobs/CC663551520J00304009401/
['大数据应用开发工程师'],['上汽通用五菱汽车股份有限公司'],['柳州市河西路18号'],"['经验', '\n本科                        ']","['岗位职责：', '\xa0 \xa0 1、 深入学习、对接公司现有大数据应用软件；', '\xa0 \xa0 2、 负责基础架构设计、部署、测试，监控、优化升级，实现对数据的分析、挖掘、处理、生成报表等', '\xa0 \xa0 3、 完成大数据的应用开发能力；', '\xa0 \xa0 4、 Hadoop平台的设计开发，大数据环境下分布式数据分析处理；', '\xa0 \xa0 5、 针对用户问题，支持响应；', '\xa0 \xa0', '\xa0 \xa0 岗位要求：', '\xa0 \xa0 1.计算机或相关专业毕业，本科及以上学历，“985”、“211”工程院校优先；', '\xa0 \xa0 2.精通Linux操作系统、Java开发语言、Scala语言和Mysql等数据库；', '\xa0 \xa0 3.熟悉shell 或 Python 或 perl脚本语言的使用；', '\xa0 \xa0 4.优先条件：', '\xa0 \xa0 5熟悉分布式开发和分布式系统部署；', '\xa0 \xa0 6熟悉Hadoop、Spark、Hive等分布式大数据技术.', '\xa0 \xa0 7、熟悉神经网络、随机森林、聚类、贝叶斯等数据挖掘算法，有数据挖掘的项目经验者优先；', '\xa0 \xa0 8、熟悉操作系统和网络知识，有良好的数据结构和算法基础；', '\xa0 \xa0 9、对hadoop／hive／hbase等大数据开发相关技术有深入了解，有实际项目经验', '\xa0 \xa0 \xa0\xa0 \xa0', '\n                ']",['面议'],[],"['\n                                ', '不限                            \n                        ']",https://m.zhaopin.com/jobs/CC000064129J90251553000/
['大数据分析工程师'],['上汽通用五菱汽车股份有限公司'],['柳州市河西路18号'],"['经验', '\n                                ', '学历', '不限                        ']","['岗位职责：', '\xa0 \xa0 1、负责对数据进行收集、整理、深度分析，挖掘新能源市场方向、规律，为业务提供决策依据；', '\xa0 \xa0 2、善于发现、挖掘数据，通过分析和研究用户用车场景和群体特征，为产品、运营、推广部门提出优化建议。', '\xa0 \xa0 岗位要求：', '\xa0 \xa0 1、本科及以上学历，“985”、“211”工程院校优先；数学、统计、计算机等相关专业优先；熟练掌握EXCEL、PPT、WORD等办公软件；', '\xa0 \xa0 2、能第一时间了解到关于行业或竞争对手最新资讯；对所处行业/领域的发展动向有清晰的了解；', '\xa0 \xa0 3、良好的数据敏感度，能快速识别数据核心结果。有一定的市场洞察力，能熟练进行数据分析；', '\xa0 \xa0 4、工作细致、责任心强、逻辑思维能力强、能够充分利用有效资源帮助解决问题。', '\xa0 \xa0 \xa0\xa0 \xa0', '\n                ']",['面议'],[],"['\n                                ', '不限                            \n                        ']",https://m.zhaopin.com/jobs/CC000064129J90251572000/
['大数据研发经理/工程师'],['北京汇商融通信息技术有限公司'],['北京市大兴工业开发区科苑路18号华商创意中心4号楼'],['\n本科                        '],"['岗位职责：', '1.\xa0负责大数据系统平台或者业务数据仓库开发与管理\xa0', '2.\xa0负责大数据开发和查询平台建设，包括数据ETL，权限，调度，主数据，元数据，报表系统和Adhoc查询系统等，API服务接口', '3.\xa0提供数据化运营工具，构建丰富多样的大数据应用\xa0', '4.\xa0管理岗职责：改进流程和规范，code review，项目驱动，员工激励、培训/招聘/淘汰。', '任职要求：', '1.\xa0良好的java编程能力，熟悉java开发工具和调试工具\xa0；', '2.\xa0熟悉Spring MVC框架，Hibernate或Mybatis持久层，Bootstrap，Node JS, AngularJS2等前端框架\xa0', '3.\xa0熟悉Web Service/SOA/Redis/消息队列等技术', '4.\xa0熟悉linux系统，熟练使用shell或者python脚本处理工具\xa0', '5.\xa0熟悉hadoop / hive /spark / storm等开源大数据系统的原理和使用\xa0', '6.\xa0有良好的产品思维，能够根据用户需要设计简单，易用的产品\xa0', '7.\xa0有良好的逻辑思维及解决问题的能力', '\xa0', '有如下经验/能力者优先，但不是必须：', '1.\xa0熟悉爬虫和反爬虫技术', '2.\xa0在开源社区有影响力，有专利或者知名技术权威杂志有发表论文\n                ']",['2万-4万/月'],"['五险一金', '年底双薪', '交通补助', '通讯补贴', '带薪年假', '补充医疗保险', '免费班车', '节日福利']",['\n1-3年                            \n                        '],https://m.zhaopin.com/jobs/CC647739123J90250133000/
['大数据研发总监'],['天九共享控股集团'],['朝阳区北苑家园秋实路绣菊园7号天九幸福控股集团'],['\n本科                        '],"['岗位职责', '1、负责大数据平台建设，大数据分析、研究和运营，为决策和管理提供支持;', '2、负责公司大数据平台的开发和维护，负责大数据平台持续集成相关工具平台的架构设计与产品开发等工作;', '3、主要从事网络日志的大数据分析工作，包括:网络日志的数据提取、数据融合及分析;专注于实时计算、流式计算、数据可视化等技术的研发;', '4、负责本部门的管理和大数据的分析、研究和运营。', '任职要求', '1.计算机、数学、软件工程相关专业，硕士及以上学历；', '2.8年以上分布式系统、大数据相关工作经验，负责过3个以上大数据项目的研发实施工作；', '3.具有海量数据挖掘、数据建模相关的应用型项目实践经验；熟悉掌握常用统计分析方法，熟练掌握常用数据挖掘和机器学习算法；', '4.精通Hadoop、Spark、Hive、HBase等主流的大数据技术，熟悉算法，建模（如：推荐、用户画像等）；', '5.熟悉Java或Scala，熟悉Linux，至少熟练使用Shell、Python等脚本语言之一；', '6.有互联网、企业管理行业数据挖掘及算法设计工作经验，有用户行为分析、用户建模、业务建模、数学建模等方面经验者优先；', '7.精通大数据管理，5年以上大数据管理运营经验，良好的沟通、协作能力，忠诚、踏实、敬业。', '\n                ']",['2万-3万/月'],[],['\n5-10年                            \n                        '],https://m.zhaopin.com/jobs/CC475537517J00122158209/
['大数据专家'],['用友网络科技股份有限公司中央大客户事业本部'],['北清路68号用友产业园'],['\n本科                        '],"['工作职责：', '1、负责大数据项目的售前实施方案的设计；', '2、负责大数据项目的项目实施；', '3、配合事业部制定大数据发展策略。', '岗位要求：', '1、8年以上工作经验，3年以上大数据项目经验；', '2、本科以上学历；', '3、具备大数据的实践项目三个以上；', '4、有互联网、大数据产品工作经验优先；', '5、有传统企业数据中心建设经验优先。\n                ']",['1.5万-2万/月'],"['餐补', '周末双休', '交通补助', '五险一金', '定期体检', '通讯补贴', '带薪年假']",['\n5-10年                            \n                        '],https://m.zhaopin.com/jobs/CC000107846J00131955813/
['大数据开发工程师'],['同程网络科技股份有限公司'],['苏州工业园区裕新路188号同程大厦'],['\n本科                        '],"['岗位职责：', '1、负责大数据平台化中各个子系统的开发工作；', '2、负责大数据基础技术的调研和选型升级；', '3、结合需求设计高扩展、高性能、高可用的技术系统；', '任职要求：', '1、本科或以上计算机相关专业学历；', '2、熟悉Java及web应用开发，了解分布式、多线程及高性能的设计与编码及性能调优， 熟悉使用常用关系型数据库，了解SQL优化方法；', '3、至少会使用一种脚本语言，包括但不局限于Shell、Ruby、Groovy、Python，能够在日常工作中使用脚本简化工作；', '4、有大数据经验，熟悉主流的大数据产品和数据分析技术并具有一定的相关项目经验者优先；', '5、熟悉Linux日常工作环境，熟悉掌握常用命令和调优监控手段优先', '6、大数据相关开源技术贡献者优先。', '\n                ']",['2.5万-5万/月'],"['五险一金', '加班补助', '通讯补贴', '带薪年假', '定期体检', '员工旅游', '节日福利']",['\n3-5年                            \n                        '],https://m.zhaopin.com/jobs/CC141685250J90261459000/
['大数据售前讲师'],['重庆足下科技有限公司'],['沙坪坝区西永大道36号'],['\n大专                        '],[],['8千-1万/月'],"['节日福利', '员工旅游', '五险一金', '加班补助', '交通补助']",['\n3-5年                            \n                        '],https://m.zhaopin.com/jobs/CC377293313J00228875804/
['大数据开发工程师-大数据产品部'],['深圳市思迪信息技术股份有限公司'],['深圳市南山区深圳湾科技生态园9栋B4座14楼'],['\n本科                        '],[],['1万-2万/月'],"['五险一金', '弹性工作', '带薪年假', '定期体检']",['\n3-5年                            \n                        '],https://m.zhaopin.com/jobs/CC255632314J00158745808/
['大数据分析岗位'],['上汽通用五菱汽车股份有限公司'],['柳州市河西路18号'],"['经验', '\n本科                        ']","['岗位职责：', '\xa0 \xa0 \xa0数据收集、数据平台建设、数据分析、数据挖掘系统建设、数据预测等。', '\xa0 \xa0 任职要求：', '\xa0 \xa0 1、本科及本科以上全日制学历，“985”、“211”工程院校优先。', '\xa0 \xa0 2、数学类、统计学类、计算机等相关专业。 \xa0 \xa0', '\n                ']",['面议'],[],"['\n                                ', '不限                            \n                        ']",https://m.zhaopin.com/jobs/CC000064129J90251563000/
['Site Reliability Engineer-大数据运维'],['北京神州新桥科技有限公司'],['前海深港合作区梦海大道创新商务中心A组团1层公馆南路（1号线鲤鱼门A口）'],['\n本科                        '],"['PrincipalResponsibilities: ', '主要职责：', '·        Build and manage cloud basedBig data and analytics platforms, including Enterprise Data Lake, DataGovernance and , Self-service BI and Augmented Analytics platform, etc…', '搭建和管理基础云大数据和平台分析，包括企业数据、数据管理和管理平台和自助BI和增强分析平台等。', '·        Proactively manage productionservices and data pipelines to ensure service availability and overall systemhealthiness', '主动管理生产服务和数据管道，确保服务可用性和系统体系健康。', '·        Createand own infrastructure and process for both build and testing from scratch', '从零开始为构建和测试创建并拥有基础设施和流程。', '·        Minimise operational efforts, automateprocesses where possible and are repeatable and reliable', '尽量减少运营工作量，在可能的情况下实现流程自动化，且重复和可靠。', '·        Engage with Data Architects andProduct Engineers to design and continuously refine Platform offerings andarchitecture', '与数据架构师和产品工程师合作，设计并不断完善平台产品和架构。', '·        Work closely with DataEngineers for product and service launch, including release planning, capacitymanagement and operational review.', '与数据工程师紧密配合产品和服务的发布，包括发布计划，产能管理和运营审核。', 'Knowledge,Skills & Qualifications:', '硬件知识、专业领域和资质', '·        Data driven thinking. ', '数据驱动思维。', '·        Experiencein DevOps toolchain (Jenkins/Git/Ansible, etc).', 'DevOps工具链经验(Jenkins/Git/Ansible等)', '·        Experiencein test automation framework (Robot, selenium, etc).', '有测试自动化框架(机器人，selenium等)的经验。', '·        Experiencein ELK, Cloudwatch or other application monitoring tools.', '有ELK、Cloudwatch或其他应用程序监控工具的经验。', '·        Experiencein container technologies (openshift, docker or k8s).', '容器技术经验(openshift、docker或k8s)。', '·        Experience in maintaining andoperating cloud base large-scale data infrastructures is a highly desired.', '具有维护和操作云数据库基础大型数据的经验。', '·        Knowledgein building and operate data infrastructure on AWS, Azure or GCP.', '具备在AWS、Azure或GCP上构建和操作数据基础设施的知识。', '·        Excellent communication skillsand experience working in cross functional teams.', '优秀的沟通技巧和跨职能团队协作的工作经验。', '·        Over 3 years experience in DevOps orSRE', '3年以上DevOps或SRE经验', 'Experience:', '经验', '·        Experiencein Apache Hadoop andSpark.', '具备Apache Hadoop和 Spark的经验。', '·        Experiencein Time-series DB and analysis.', '有时间序列数据库和分析经验。', '·        Experiencein in-memory data processing / databases.', '有内存数据处理/数据库方面的经验。', '·        Experiencein Data Security and protection tools.', '有数据安全和保护工具方面的经验。', '·        Solid grounding in Financial Services Industry.', '扎实的金融服务业基础。', '·        Solid knowledge in SQL.', '扎实的SQL知识。\n                ']",['1.5万-2.5万/月'],"['周末双休', '五险一金', '年底双薪', '绩效奖金', '餐补', '通讯补贴', '补充医疗保险', '定期体检']",['\n3-5年                            \n                        '],https://m.zhaopin.com/jobs/CC120101090J00125896615/
['大数据应用分析（双休实习）'],['源码启航科技有限公司'],['哈尔滨市南岗区'],"['经验', '\n本科                        ']","['负责大数据平台的研制和维护性开发，提供数据应用项目技术支持', '任职要求：', '1.大专及以上学历，应往届不限，应届生提供实习岗', '2.针对应届生，可提供签订第三方就业协议', '3.理工类相关专业优先考虑', '4.有一定的计算机应用及操作基础者优先考虑', '5.具有良好的沟通能力及团队协作意识', '6.具有较强的学习能力，积极努力，责任心强', '7.寻求稳定发展的、踏实肯干者优先', '8.逻辑思维能力强者', '福利待遇：', '1. 正式录用签订劳动合同', '2.公司提供七险二金：', '养老保险+医疗保险+生育保险+工伤保险+失业保险+补充医疗保险+商业保险+住房公积金 +企业年金（随员工入职年限增长）', '3.绩效奖金', '4.年终项目收益奖', '5.满勤奖', '6.带薪年假', '7.节日福利（享受国家所有法定假日福利）', '8.每年提供员工免费体检一次', '9.周末双休，无强制加班', '10.底薪：3000-5000（具体面议）', '11.全年13至14薪（具体根据部分划分而定）', '12.提供交通补助、电话补助、住房补助及餐补', '13.市内五区提供班车，提供食堂就餐', '14.为有员工提供良好完善的职业晋升空间及平台', '15.每年2次团队建设活动旅游\n                ']",['4千-6千/月'],"['节日福利', '每年多次调薪', '周末双休', '五险一金', '年底双薪', '绩效奖金', '带薪年假', '年终分红']","['\n                                ', '不限                            \n                        ']",https://m.zhaopin.com/jobs/CC686831687J00126862310/
['大数据'],['深圳市一站通企业服务有限公司'],['大学城外环东路232号13栋国家数字家庭基地A301-302'],"['\n                                ', '学历', '不限                        ']","['岗位职责：', '1、承担建设基于Hadoop/Spark生态的大数据离线/实时处理平台；', '2、原始数据源的抽取、清洗、转储、检索等相关工作；', '3、跟进大数据前沿技术的发展，将合适的技术方案适时引入业务场景；', '任职要求：', '1、2~3年互联网大数据处理经验；有实时处理工作经历并有一定解决方案者优先；', '2、熟悉大数据开源技术，包含（不限于）Hadoop/Spark/Spark Streaming/Hive/Hbase/Impala /Flume/Kafka/Solr/Es分布式框架/计算/存储/检索等相关技术,', '并有一定的Hadoop生态系统运维经验；', '3、掌握Python或Java一种开发语言；', '4、掌握SQL，SparkSQL进行数据开发；较好的SQL性能调优经验；', '5、优秀的分析、解决问题能力，充分的数据敏感度；有一定的高性能支撑经验和故障排除能力；', '6、具备强烈的工作责任感，喜欢钻研，态度乐观，团队意识强。\n                ']",['1.5万-2万/月'],"['绩效奖金', '周末双休', '员工旅游', '五险一金', '补充医疗保险', '每年多次调薪']",['\n1-3年                            \n                        '],https://m.zhaopin.com/jobs/CZ462311480J00296516405/
['大数据开发工程师'],['厦门用友烟草软件有限责任公司'],['软件园二期望海路59号302'],"['经验', '\n本科                        ']",[],['1万-1.5万/月'],"['补充医疗保险', '定期体检', '五险一金', '餐补', '带薪年假', '弹性工作', '绩效奖金', '员工旅游']","['\n                                ', '不限                            \n                        ']",https://m.zhaopin.com/jobs/CC210345613J00183016702/
['大数据研发工程师'],['同程网络科技股份有限公司'],['苏州工业园区裕新路188号同程大厦'],['\n本科                        '],"['任职要求：', '1、教育程度：全日制本科以上学历。', '2、经验要求：三年以上', '3、技能要求：', '熟悉Java和Scala语言开发基础，有一定Spark应用经验，对Spark原理有深入的理解；', '熟悉Spark、Hive、HBase、Zookeeper；', '熟悉Hadoop生态系统；', '具有良好的沟通能力和自我驱动能力，有阅读英文文档的能力；', '有开源社区经验优先', '掌握多线程、分布式、高性能编码设计，有大型分布式、高可用系统设计开发经验者优先', '有大数据平台运维调优经验者优先', '4、素质要求：具备良好的学习能力、沟通能力、适应能力 强烈的责任心与主动性，对所负责工作有owner意识，并能自我驱动成长；', '工作职责：', '参与公司大数据产品规划；', '大数据处理分析平台的设计与开发；', '为其他项目组提供大数据技术指导及分析手段支持；', '\n                ']",['1.5万-2.5万/月'],"['节日福利', '五险一金', '年底双薪', '带薪年假', '定期体检']",['\n3-5年                            \n                        '],https://m.zhaopin.com/jobs/CC141685250J90261775000/
['需求工程师（大数据）'],['广发银行股份有限公司信用卡中心'],['珠江新城高德置地夏广场'],['\n本科                        '],[],['1万-1.5万/月'],"['五险一金', '年底双薪', '餐补', '补充医疗保险', '定期体检', '带薪年假', '包吃', '绩效奖金']",['\n3-5年                            \n                        '],https://m.zhaopin.com/jobs/CC132189574J00221518306/
['大数据工程师'],['博彦科技(深圳)有限公司'],['知春路27号量子芯座21层，10/13号线知春路站'],['\n大专                        '],[],['1.5万-2万/月'],"['五险一金', '年底双薪', '定期体检', '绩效奖金', '周末双休', '带薪年假']",['\n5-10年                            \n                        '],https://m.zhaopin.com/jobs/CC541486423J00271694803/
['大数据销售经理（山东区域）'],['黑龙江鑫联华信息股份有限公司'],['济南市'],['\n本科                        '],[],['8千-1万/月'],"['节日福利', '员工旅游', '五险一金', '绩效奖金', '年终分红', '交通补助', '周末双休']",['\n3-5年                            \n                        '],https://m.zhaopin.com/jobs/CC184309211J00233622502/
['云计算大数据开发实习助理'],['厦门智汇祥盈科技有限公司'],['厦门市思明区观音山商务区'],['\n大专                        '],"['工作内容：', '1. 负责云计算平台整体架构设计，建设规划；', '2. 云计算相关技术跟进及云计算项目跟进；', '3. 负责云计算平台整体架构设计方案编写与技术交流；', '4. 云计算项目实施与运维，以及云计算项目客户培训；', '5. 熟悉主流操作系统，数据库配置与维护；', '任职要求：', '1. 大专以上学历，应/往届毕业生，有志于在IT行业发展；', '2. 理工科专业，所含专业包括计算机、电子信息、软件工程、自动化、测控、机电等；\n                ']",['4千-6千/月'],"['五险一金', '绩效奖金', '餐补']",['\n无经验                            \n                        '],https://m.zhaopin.com/jobs/CZ608468980J00073376303/
['大数据高级开发工程师'],['深圳市环球易购电子商务有限公司'],['深圳市南山区深圳市南山区东滨路与南光路交汇处，永新汇3号楼1楼'],['\n本科                        '],"['1、负责推荐系统大数据离线、实时计算平台的建设、优化；负责项目Hadoop/Hive/Storm/Spark/hbase等大数据平台建设', '2、负责开发大数据工具，如报表平台、多维度分析工具、ETL平台、调度平台的研发；', '3，跟踪业界前沿技术，应用到实际项目中；', '任职资格:', '1、精通Java/Python/Scala至少一种，良好的代码编写素养，熟练掌握操作系统、网络原理、数据结构与算法；', '2、精通Hadoop、Hive、Spark、Storm、HBase等大数据技术的原理以及优化，并有一定的大数据平台建设调优经验;\xa0', '3、在开源社群活跃并有积极贡献者优先；', '4、思维敏捷，有较强的钻研学习能力；', '5、较好的沟通能力、团队合作；', '【环球易购诚邀您的加入】', '选平台：创建于2007年，现在职员工有5000多人。于2014年9月份与百圆裤业（2015年6月12日起更名为跨境通）并购上市，成为国内第一家在A股主板上市的跨境电商企业（SZ002640），是中国最大的垂直类B2C跨境电商企业。每年业绩近100%增长。大平台，实力雄厚！', '谈薪酬：富有行业竞争力的全面薪酬，转正后底薪、绩效、全勤奖、年末红包、优秀员工奖、激励计划、只要你努力，升职加薪不是梦！', '论发展：入职培训、技能培训、户外拓展、导师制！为员工搭建Y字形双通道发展路径。', '说保障\xa0：', '1）社会保险及住房公积金福利待遇；', '2）应届生和入职满半年可以办理深圳落户，做美丽深圳的主人；', '3）司龄满一年可享受公司提供的年度健康体检福利；', '话人文：', '1）悠闲下午茶，抛开工作畅谈生活，也可自助阅读公司购买专业书籍；', '2）国家传统的节日，为员工送上节日的祝福及礼品；', '3）与外国同事一起开启语言学习快速通道，各种Party High到爆；', '4）周三篮球活动、周五羽毛球活动、并每月组织足球活动；', '5）不定期部门聚餐（K歌、轰趴、饭局、看电影、啃爆米花）；', '6）大型年会，美女帅哥齐聚一堂，能歌善舞，嗨过演唱会；', '7）公司自己的电影播放厅，一场既有可乐又有爆米花的约会。\n                ']",['2万-4万/月'],"['节日福利', '绩效奖金']",['\n5-10年                            \n                        '],https://m.zhaopin.com/jobs/CC426256413J90250574000/
['高级大数据开发工程师'],['泰州基久网络科技有限公司'],['凤凰东路88号'],['\n本科                        '],"['大数据工程师：', '1.两年以上java开发工作经验，阅读过jdk源代码', '2.精通大数据生态圈的技术，包括但不限于MapReduce/Hadoop/HBase/Spark/Strom/Hive/Mongodb，熟悉数据挖掘策略与算法', '3.熟悉分布式系统设计，有大规模系统设计和工程实现的经验', '4.在用户行为日志采集，海量数据处理，数据建模，业务理解方面经验丰富', '5.熟悉常见的机器学习算法，熟悉常用的机器学习工具，包括但不限于Tensorflow、Sklearn、Caffe,有实际模型开发，训练经验', '6.熟悉常用编程语言，包括java，python，Scala', '\n                ']",['6千-1.2万/月'],"['住房补贴', '每年多次调薪', '五险一金', '绩效奖金', '交通补助', '餐补', '房补', '通讯补贴']",['\n1年以下                            \n                        '],https://m.zhaopin.com/jobs/CZ415915730J00033810106/
['大数据培训讲师'],['北京协英科技顾问有限公司'],['华为全球培训中心'],"['经验', '\n本科                        ']",[],['1万-1.5万/月'],"['五险一金', '全勤奖', '带薪年假', '定期体检', '周末双休', '节日福利']","['\n                                ', '不限                            \n                        ']",https://m.zhaopin.com/jobs/CC185007926J00142244911/
['大数据经理'],['北京金码头电子商务有限公司'],['新街口外大街2号'],['\n本科                        '],"['1. 配合规划公司的技术发展路线与产品开发，实现公司的技术创新目标，及时了解和监督技术发展战略规划的执行情况；', '2. 研究决策技术发展路线，规划公司产品的技术构架，负责互联网产品技术框架的选型与搭建，程序开发及技术攻坚；', '3. 配合系统架构及核心代码，重点难点攻克，组织解决项目开发过程中的重大技术问题；', '4. 完成各项技术工作相关数据统计分析报告，并据此对公司发展提出合理化建议；', '5. 负责解决方案部门团队管理；', '6. 参与重大商务谈判和商务活动。', '任职要求：', '1. 本科及以上学历，计算机、软件等相关专业优先；', '2.  3年以上技术研发、软件开发相关行业工作经验及研发团队管理经验；', '3. 深入掌握Hadoop.Hive.HBase.Spake等大数据处理平台，并有丰富的实践经验', '4. 擅长对外交流及技术宣讲，有大型互联网公司业务数据分析经验，并有通过数据分析项目大幅提升运营指标的案例优先；', '5. 极强的内驱力与责任心，具备良好的职业素养与极佳的沟通协调能力，适应创业团队，乐于接受挑战；', '6. 具有相关数据分析经验；带领超过10人以上团队，超过2年以上技术经理经验优先。\n                ']",['3万-5万/月'],"['五险一金', '餐补', '补充医疗保险', '定期体检', '节日福利', '带薪年假', '股票期权', '周末双休']",['\n3-5年                            \n                        '],https://m.zhaopin.com/jobs/CC457822433J00120966712/
['大数据方向开发、分析工程师'],['北京计算机技术及应用研究所'],['西安市'],['\n本科                        '],[],['1万-1.5万/月'],"['五险一金', '餐补', '带薪年假', '定期体检', '高温补贴', '节日福利', '通讯补贴', '交通补助']",['\n1-3年                            \n                        '],https://m.zhaopin.com/jobs/CC120834976J00107026115/
['大数据工程师'],['合肥赛为智能有限公司'],['合肥市高新区创新大道666号'],['\n本科                        '],"['岗位职责:', '1、基于hadoop\\spark\\storm生态的大数据存储平台搭建和部署；进行分布式多结点群集系统建设和优化工作；', '2、参与大数据分布式应用系统服务器端软件开发工作（需求开发、故障解决和性能优化等）；', '3、承担数据抽取、清洗、转化等数据处理程序开发；基于大数据平台完成各类统计和开发任务；', '4、从事大数据技术研究和开发工作，跟进大数据技术发展方向；', '5、根据公司需要，完成领导交办的相关工作。', '任职资格:', '1、统招本科及以上学历，计算机及相关专业；具有5年以上工作经验；', '2、3年以上大数据开发或管理经验，有较强的架构能力，能独立负责产品的架构规划和架构演进；', '3、熟悉Hadoop、storm或Spark等分布式系统的工作原理，具备较强的架构、性能优化能力；', '4、熟悉Java，Python，SQL，Hive等开发语言，熟悉lucene、Elasticsearch技术优先；有主导完成优秀应用或大型大数据项目开发经验者优先；', '5、具有良好的团队协作与沟通能力。', '\n                ']",['1万-1.5万/月'],"['每年多次调薪', '股票期权', '五险一金', '通讯补贴', '弹性工作', '不加班', '定期体检']",['\n1-3年                            \n                        '],https://m.zhaopin.com/jobs/CC493120425J00060735503/
['Java技术专家——大数据(杭州）'],['伯鸣人力资源(杭州)有限公司'],['江陵路1760号'],['\n本科                        '],"['1、负责业务的产品研发，对于新产品和新业务, 进行系统建模和分析支持, 对于日常特性, 提供架构评审的支持；2、深入发掘和分析业务需求，撰写技术方案和系统设计； 3、参与关键组件和代码的CodeReview, 承担设计质量的责任；4、推动技术和业务的融合, 推动团队的架构设计能力提升，推动技术人员和产品以及业务分析人员的协同能力；5、保持一定的前瞻性, 随着业务复杂性的增加, 负载的增加, 运行管理复杂性的增加, 持续的推动系统设计的重构；6、和业务团队进行线上系统诊断调优，帮助团队解决日常疑难问题', '年龄超限', '年龄超过38岁不考虑最低学历', '必须统招本科以上学历其他项', '1、必须5年以上Java分布式、多线程及高性能的设计与编码及性能调优，必须熟悉主流的大数据产品和数据分析技术并具有相关项目经验，必须熟练掌握Hadoop、Hive、Hbase、Spark、flume、kafka、UNIX、LINUX，能进行shell编程；', '2、最近2年必须有一二线互联网公司背景；', '\n                ']",['3万-5万/月'],"['五险一金', '带薪年假', '绩效奖金', '通讯补贴', '餐补', '交通补助', '年底双薪', '周末双休']",['\n5-10年                            \n                        '],https://m.zhaopin.com/jobs/CZ834187940J00220682803/
['人工智能以及精准大数据销售专员月薪15k'],['杭州炎土科技有限公司'],['西湖区三墩镇灯彩街君尚国际A座1716室'],"['经验', '\n中专                        ']",[],['8千-1.5万/月'],"['全勤奖', '节日福利', '五险一金', '每年多次调薪', '加班补助', '交通补助']","['\n                                ', '不限                            \n                        ']",https://m.zhaopin.com/jobs/CZ545677180J00227253607/
['区域销售（大数据教育方向）（大田县）'],['安徽七天教育科技有限公司'],['地区'],"['经验', '\n大专                        ']","['岗位职责：', '1、负责公司教育产品在所辖区域内中小学市场的业务开发、拓展；', '2、负责所辖区域内客户关系管理及渠道建设；', '3、负责所辖区域内学校客户日常维护、考试维护；', '4、定期对所辖区域学校开展市场调研，进行客户沟通，升级业务解决方案；', '5、负责协助所辖区域内家长用户的推广维护、咨询解答。', '任职标准：', '1、大专及以上学历，20-38岁，条件优秀者可放宽；', '2、有保险、教育、互联网相关产品销售经验优先，优秀应届毕业生亦可；', '3、对计算机操作较为熟练（需携带笔记本开展日常工作）；', '4、沟通能力、应变能力、执行力、团队协作能力、责任心', '5、能适应出差/驻外、有当地教育系统资源的优先考虑；', '其他福利：社会保险、寒暑假活动、团队活动、法定节假日、节日福利、团队旅游、期权激励、福利补贴（交通、通讯、外地租房等）、各类奖金（不定期开展考试奖、PK奖、高频学校奖、开发奖）、探亲假（非本地区域员工）', '职业发展：业务经理---片区经理---省区经理/项目经理---总监助理---区域总监\n                ']",['8千-1万/月'],"['交通补助', '通讯补贴', '节日福利', '股票期权']","['\n                                ', '不限                            \n                        ']",https://m.zhaopin.com/jobs/CC586387423J00304476707/
